"",sample,TF,activity,delta,mean_r,r,score,name,drug,max_score,keep
"1",CPC013_A375_6H:BRD-K24681473-004-01-4:10,P17676,0.8418703,-0.25535652,0.463405116756621,0.747420283792074,0.605412700274347,CEBPB,COCC[n+]1c(C)n(Cc2cnccn2)c2c1C(=O)c1ccccc1C2=O,0.25535652,TRUE
"2",CPC013_A375_6H:BRD-K24681473-004-01-4:10,Q14209,0.1429123,0.24145418,0.546936277717102,0.732739899424379,0.639838088570741,E2F2,COCC[n+]1c(C)n(Cc2cnccn2)c2c1C(=O)c1ccccc1C2=O,0.24145418,TRUE
"3",CPC014_A375_6H:BRD-K23192422-001-01-1:10,Q08050,0.197029,0.24572074,0.538890095719692,0.873839869918128,0.70636498281891,FOXM1,C[C@]12O[C@H](C[C@]1(O)CO)n1c3ccccc3c3c4C(=O)NCc4c4c5ccccc5n2c4c13,0.24572074,TRUE
"4",CPC013_A375_6H:BRD-K24681473-004-01-4:10,O43524,0.9593088,-0.24768662,0.52162575454407,0.774410442268311,0.648018098406191,FOXO3,COCC[n+]1c(C)n(Cc2cnccn2)c2c1C(=O)c1ccccc1C2=O,0.24768662,TRUE
"5",CPC018_A375_6H:BRD-A29289453-001-03-9:10,Q00978,0.09663173,0.24874432,0.481360827822779,0.793278085768733,0.637319456795756,IRF9,COC(=O)C1=C(C)NC(C)=C(C1C)C(=O)OCCSc1ccccc1,0.24874432,TRUE
"6",CPC017_A375_6H:BRD-K43330982-001-01-5:10,P17947,0.8768693,-0.4234579,0.405834357070847,0.897712385681851,0.651773371376349,SPI1,CC(C)c1cc(NNC(=O)Nc2cc(Cl)nc(Cl)c2)nc2n(C)nc(C)c12,0.4234579,TRUE
"7",CPC018_A375_6H:BRD-K31843556-001-01-7:10,P42224,0.2083337,0.25689697,0.499957865228307,0.788495880772618,0.644226873000463,STAT1,[O-][N+](=O)c1ccc(Cl)c(c1)C(=O)Nc1ccncc1,0.25689697,TRUE
"8",CPC018_A375_6H:BRD-A29289453-001-03-9:10,P52630,0.07399945,0.27955866,0.427313803231927,0.814031376922076,0.620672590077002,STAT2,COC(=O)C1=C(C)NC(C)=C(C1C)C(=O)OCCSc1ccccc1,0.27955866,TRUE
