"",sample,TF,activity,delta,mean_r,r,score,name,drug,max_score,keep
"1",CPC014_VCAP_6H:BRD-K52911425-001-01-5:10,Q01094,0.1704922,0.26737756,0.448352544466693,0.830840172508608,0.63959635848765,E2F1,CS(=O)(=O)N1CCN(Cc2cc3nc(nc(N4CCOCC4)c3s2)-c2cccc3[nH]ncc23)CC1,0.26737756,TRUE
"2",CPC002_VCAP_6H:BRD-K22010301-001-01-2:10,P15976,0.8482985,-0.29338375,0.403447098585276,0.880877873179787,0.642162485882531,GATA1,COc1oc(=O)c2cc(N)ccc2c1Cl,0.29338375,TRUE
"3",CPC003_VCAP_6H:BRD-K82255054-001-08-4:10,Q00978,0.1853603,0.26968065,0.507729976855023,0.570011687715845,0.538870832285434,IRF9,CC(C)c1cccc(C(C)C)c1O,0.26968065,TRUE
"4",CPC003_VCAP_6H:BRD-K82255054-001-08-4:10,P52630,0.0594311,0.3851357,0.487690946889587,0.776882144126096,0.632286545507841,STAT2,CC(C)c1cccc(C(C)C)c1O,0.3851357,TRUE
